Topik 1,Topik 2,Topik 3,Topik 4,Topik 5,Category
0.011068461598009187,0.011066119348425676,0.9557331818205559,0.011066119259513256,0.011066117973496133,Sports
0.01255889022549932,0.012555628562803003,0.9497742243783204,0.012555628522274246,0.012555628311102934,Sports
0.01127613193442798,0.011266199013494061,0.9549252712747286,0.011266198940761973,0.011266198836587322,Sports
0.9634097130861542,0.009146054140800068,0.009152128157450938,0.00914605391549904,0.00914605070009568,Sports
0.9623312352380593,0.009416987601755829,0.009417803416384806,0.009416987501237149,0.00941698624256276,Sports
0.7670894556435232,0.008326474017029116,0.20793112564610575,0.008326473845416777,0.008326470847925153,Sports
0.46203852830538866,0.010472612165858148,0.5065436377372918,0.010472611973118226,0.010472609818343219,Sports
0.9622875068924469,0.00942552156837972,0.009435929859177147,0.009425521459757552,0.009425520220238518,Sports
0.9631633071888387,0.00920874429675409,0.00921045978077943,0.009208744219865112,0.009208744513762577,Sports
0.010314301061708856,0.010311441197466778,0.9587513774591916,0.010311441072725316,0.010311439208907302,Sports
0.3650670102867404,0.011771207753219836,0.59961936691564,0.01177120771101895,0.011771207333380981,Sports
0.9531923196940472,0.011701725784074682,0.011702507786917553,0.011701725515166208,0.011701721219794481,Sports
0.008455217835519342,0.008451721784246144,0.9661896126587282,0.008451721674683685,0.008451726046822662,Sports
0.9533757745286552,0.011655230221853535,0.0116585371174572,0.011655230088986895,0.011655228043047403,Sports
0.9601793854592467,0.009954909706757891,0.009955888589060876,0.009954909506323528,0.009954906738610958,Sports
0.9586389734291375,0.010339970487415433,0.01034111636571346,0.010339970414384659,0.010339969303348939,Sports
0.9581798961206628,0.010454785676058617,0.010455732929031531,0.01045478558241363,0.010454799691833586,Sports
0.9622364548047511,0.009440652274315715,0.00944158989588557,0.009440652187927607,0.00944065083711996,Sports
0.9623075101630238,0.009422846803297961,0.009423948813673992,0.009422846725288411,0.009422847494715815,Sports
0.9601987221517828,0.00995018733769988,0.009950717310015922,0.009950187253937046,0.009950185946564273,Sports
0.9550054000200403,0.011247495058455894,0.011252094767585454,0.011247494854091662,0.011247515299826432,Sports
0.9541438970549939,0.011463841358202026,0.01146458181974855,0.011463841171947776,0.011463838595107492,Sports
0.010867892110171236,0.010842823918808205,0.9566036378174004,0.010842823741203851,0.010842822412416245,Sports
0.7973409899015389,0.011217267332395685,0.011217668631307652,0.011217266993283001,0.1690068071414747,Sports
0.9669043589117384,0.008273646818115713,0.008274702374460999,0.008273646711892893,0.008273645183792012,Sports
0.7154514402367085,0.010232292793624208,0.0102350414806558,0.01023229590071996,0.2538489295882917,Sports
0.9531487837480461,0.011711964028947475,0.011715325423708853,0.011711963955419942,0.011711962843877355,Sports
0.962194457741659,0.00944795889538217,0.009461668574175214,0.009447958599843334,0.009447956188940098,Sports
0.9644731810406079,0.008880757761674204,0.00888454714637268,0.008880757644215363,0.008880756407129977,Sports
0.011024061353468338,0.011020923256107422,0.9559131698481715,0.011020923165944812,0.0110209223763079,Sports
0.007851088185154871,0.007848181633601084,0.9686043680160056,0.007848181548973486,0.007848180616265013,Sports
0.29776018017949,0.00887949768121603,0.6756013264493705,0.008879497458650394,0.008879498231273035,Sports
0.007755341975482455,0.007751886917601833,0.9689889989908046,0.007751886766598031,0.007751885349513097,Sports
0.9617643389080716,0.00955770371288167,0.00956255204911724,0.009557703570624897,0.009557701759304702,Sports
0.951334120070282,0.012166329418478972,0.012166896076517796,0.012166329144729263,0.012166325289992005,Sports
0.008342201061586821,0.008339322890271757,0.9666398288344633,0.008339322810738058,0.008339324402939956,Sports
0.35479370532512755,0.009551743802989095,0.6165510654515286,0.009551743622968784,0.009551741797385991,Sports
0.9563759811820272,0.010905723898895284,0.010906850121615424,0.010905723728461906,0.010905721069000236,Sports
0.32945127053647716,0.009193907458520565,0.6429669988937582,0.00919390729439875,0.009193915816845375,Sports
0.7166555363269536,0.009410238148683003,0.25511375413307524,0.009410237868759693,0.00941023352252855,Sports
0.014975520868233266,0.014970092181277787,0.9401141293578229,0.014970091920851848,0.014970165671814131,Sports
0.3802354536420351,0.009147052152158849,0.5923233918308841,0.009147051922481098,0.009147050452440795,Sports
0.32184501410589783,0.008147075718502119,0.6537137614201411,0.008147075560254648,0.008147073195204156,Sports
0.9537813184775878,0.011554133961446457,0.011556285520384756,0.011554133605252015,0.011554128435328949,Sports
0.013777750073428827,0.013774970350992772,0.9448972585432253,0.013774970306434115,0.013775050725919157,Sports
0.954156487874896,0.01146073064590625,0.011461320836574234,0.011460730606420267,0.011460730036203223,Sports
0.6279684328689373,0.015249409597005235,0.01525449757080563,0.015249412358121142,0.32627824760513086,Sports
0.011066701300228785,0.011060731683208676,0.9557511075468726,0.011060731471569793,0.011060727998120213,Sports
0.9710219242629289,0.00724435998867957,0.007244998566011129,0.007244360992869855,0.007244356189510543,Sports
0.9502211362771855,0.012444388632675057,0.012445701340154556,0.012444388424139662,0.01244438532584519,Sports
0.9625998385486573,0.009349905001265535,0.009350447817920063,0.009349904909721103,0.009349903722436048,Sports
0.957725351231199,0.010568137027141843,0.0105702400001396,0.01056813689383667,0.010568134847682889,Sports
0.9589819444021419,0.010254337638853415,0.010255045009232907,0.010254337498139766,0.01025433545163196,Sports
0.9572690169898391,0.010682583342433228,0.010683233205011963,0.01068258332710941,0.01068258313560623,Sports
0.9637212209642203,0.009069515494213603,0.009070233147995242,0.009069515459244807,0.00906951493432603,Sports
0.960875326448105,0.009780959919854545,0.009781795234509172,0.009780959836463415,0.009780958561067825,Sports
0.7497092065681683,0.013903179922749902,0.013909076556950298,0.013903179506710281,0.20857535744542116,Sports
0.012770394278514617,0.012764544816452773,0.9489359742399459,0.012764544623856231,0.012764542041230507,Sports
0.44845453346881514,0.010113477496555834,0.5212045782970098,0.010113477427637923,0.010113933309981275,Sports
0.6887606097528465,0.011535040065040395,0.2766328057896557,0.011535042555742994,0.01153650183671441,Sports
0.9380137279321453,0.015489166180081372,0.015518778332397811,0.015489165815330575,0.015489161740045042,Sports
0.9537069020597486,0.011572912584944828,0.011574362037051564,0.011572912472884065,0.011572910845370838,Sports
0.7286106634305376,0.013836573416320896,0.22987962077447913,0.013836573048825384,0.013836569329836915,Sports
0.9589097126000646,0.010272433563852636,0.010272987487183362,0.010272433514002081,0.01027243283489744,Sports
0.9558060700996542,0.011048242931258327,0.011049203266439673,0.011048242804176905,0.01104824089847075,Sports
0.9517594017859082,0.012059641617321658,0.012061674069379504,0.012059641569517266,0.012059640957873404,Sports
0.9596180485824959,0.01009516351769642,0.010096462021242779,0.010095163375212652,0.010095162503352259,Sports
0.010756574702587623,0.010753584618790389,0.9569826724192262,0.01075358457373625,0.0107535836856597,Sports
0.2897678100120888,0.010459878220198454,0.678852558575777,0.010459878002361284,0.010459875189574475,Sports
0.9666603044051013,0.008334475376064233,0.00833627108059809,0.008334475279214472,0.008334473859022067,Sports
0.9551742499289197,0.011206247297986693,0.011207008664862315,0.011206247273119899,0.011206246835111202,Sports
0.9611362485724853,0.009715810783405115,0.0097163217407213,0.009715810646766417,0.009715808256621808,Sports
0.9610705269673433,0.0097320303623596,0.009733058206118056,0.009732030252625423,0.009732354211553676,Sports
0.969454543748156,0.007636141194807911,0.007637031875286541,0.007636142008917326,0.007636141172832139,Sports
0.9591091241470207,0.010222393711060011,0.01022369428560907,0.010222393640281238,0.010222394216028934,Sports
0.9687744448075761,0.007806130223596051,0.007807165802622544,0.007806130128743265,0.007806129037462004,Sports
0.49932847433430144,0.008651464423060237,0.47471713761043255,0.008651464124944146,0.008651459507261525,Sports
0.010618812253532494,0.010615925509362245,0.9575334134815586,0.010615925375852767,0.010615923379693915,Sports
0.9639566952725256,0.009010627121035477,0.00901142453035255,0.009010627006935619,0.009010626069150908,Sports
0.9524292451895043,0.01189249131232674,0.011893281871426034,0.011892491251701382,0.011892490375041576,Sports
0.96023486427033,0.00994102219471888,0.009942071411499824,0.009941022064858118,0.009941020058593132,Sports
0.9461330362057272,0.013466448557474696,0.01346761907589494,0.013466448494657416,0.013466447666245895,Sports
0.009592428059675102,0.009585507479300065,0.9616510416465603,0.009585507278216276,0.009585515536248321,Sports
0.41841542144063754,0.009696701877036869,0.5524944184848274,0.009696702088657281,0.009696756108840843,Sports
0.9602974351875965,0.009925491481351922,0.00992609096818276,0.009925491456323227,0.00992549090654562,Sports
0.955700263867388,0.011074789245998102,0.011075370381214734,0.01107478913768096,0.011074787367718011,Sports
0.8065082248018622,0.0102115105100506,0.16285724614864464,0.010211510394703412,0.010211508144739215,Sports
0.1350196030918276,0.011189935052111607,0.8314105942240253,0.011189934907497905,0.011189932724537674,Sports
0.9570162022194356,0.010745619239175415,0.010746940963798308,0.01074561918666367,0.010745618390927025,Sports
0.9599353745471663,0.010016070074135965,0.010016418208861008,0.010016069906942555,0.01001606726289428,Sports
0.9559954773863756,0.01100096301868672,0.011001633791288495,0.011000962970883148,0.01100096283276612,Sports
0.01018556215105617,0.010178150929355558,0.9592799873724251,0.010178150996757913,0.010178148550405402,Sports
0.009364223775667549,0.009360005730993031,0.9625557604673471,0.009360005525718924,0.009360004500273458,Sports
0.01661155999158052,0.01660268544289158,0.9335799742496482,0.016602684778051494,0.016603095537828308,Sports
0.1984620853698425,0.012815265798011545,0.763092118453423,0.012815265710410147,0.01281526466831288,Sports
0.9576039516832606,0.01059867420460407,0.010600026943312775,0.01059867410823969,0.010598673060583026,Sports
0.00908119120004386,0.009077372918365972,0.9636866856179267,0.009077372713032609,0.009077377550630945,Sports
0.953677016046595,0.011580601828052057,0.011581179270204087,0.011580601732891126,0.011580601122257705,Sports
0.008528090808921201,0.008523936482113323,0.965900068224071,0.008523936472572543,0.00852396801232208,Sports
0.9621393894769277,0.009464681253647429,0.00946656805533628,0.0094646811772262,0.009464680036862313,Sports
0.008616495318728955,0.008613438094194988,0.9655431917039519,0.008613437921302343,0.008613436961821772,Sports
0.012447051957747273,0.012443519326378097,0.9502223925226755,0.012443519184376948,0.012443517008822238,Sports
0.9567342006651908,0.010816312922471987,0.010816861985717154,0.010816312848059534,0.010816311578560526,Sports
0.4203379163793627,0.011434183466235976,0.545359536610781,0.011434183273985815,0.011434180269634647,Sports
0.9592375006742142,0.010190360891677536,0.010191417370110704,0.010190360858119576,0.010190360205878069,Sports
0.9633481325640753,0.009162669612916277,0.009163842405079173,0.009162669419156711,0.009162685998772478,Sports
0.9681896820436017,0.007952132912467085,0.00795392184900828,0.007952132755021253,0.00795213043990194,Sports
0.9632826187543163,0.009178453226769186,0.009182021770609899,0.009178453049092008,0.009178453199212787,Sports
0.011718353371277046,0.011713281201115972,0.9531418066697848,0.01171328096378188,0.01171327779404034,Sports
0.007828769032349128,0.00782591985196293,0.9686934741721018,0.00782591968343629,0.007825917260149808,Sports
0.9597570198690358,0.010060607498452756,0.010061158497811945,0.010060607467085866,0.01006060666761355,Sports
0.963041271891113,0.009239208348044424,0.009241091782509512,0.00923920814770582,0.009239219830627298,Sports
0.9571045761616737,0.010723741889002587,0.010724199413226155,0.010723741815919204,0.010723740720178584,Sports
0.9598254129453656,0.010043246366752264,0.0100448493215607,0.010043246287450288,0.010043245078871154,Sports
0.18474935247911148,0.011791572497218673,0.7798759299228877,0.011791572394030928,0.011791572706751442,Sports
0.009052096335054773,0.009049233590185448,0.9638002043314026,0.009049233504813703,0.009049232238543365,Sports
0.9595115126109444,0.010121987242780213,0.01012252555612559,0.010121987199183554,0.010121987390966388,Sports
0.953323616075518,0.011668763766776563,0.011670094632143711,0.011668763650932607,0.011668761874629193,Sports
0.010867804023038972,0.010861009027783272,0.9565491699933713,0.01086100895746846,0.010861007998337831,Sports
0.9611825083198113,0.009703434244512338,0.009707190534164425,0.009703434149779054,0.009703432751733028,Sports
0.5349111806635332,0.01029166547430378,0.4342138233108736,0.010291665339741693,0.010291665211547818,Sports
0.9640894949952158,0.008977331269025222,0.00897851383391062,0.008977331108028461,0.008977328793819827,Sports
0.008813011821966107,0.008808575206441942,0.9647612640335688,0.008808575119409396,0.008808573818613727,Sports
0.015175970481305378,0.0151607615302818,0.9393417378374641,0.015160761168518031,0.015160768982430647,Sports
0.9526248789638888,0.011843332792518554,0.01184512468194942,0.011843332656468579,0.011843330905174487,Sports
0.00976635709308428,0.00975948023777954,0.9609552020120626,0.009759480149421558,0.009759480507652024,Sports
0.9572834037303642,0.010678890359309358,0.01067992788700635,0.010678890206731519,0.010678887816588602,Sports
0.9428071775895542,0.014298066432870281,0.014298624955547928,0.014298066469908007,0.014298064552119497,Sports
0.9599179187357085,0.010020343898739062,0.010021051490554137,0.010020343808484098,0.010020342066514162,Sports
0.015061932423819748,0.015056880441671241,0.9397674276989685,0.01505688035812195,0.01505687907741852,Sports
0.733350453340305,0.009751918569665164,0.2373937927056328,0.009751918452980072,0.009751916931416905,Sports
0.964080196293374,0.008979713654517557,0.008980665578169874,0.008979713480027386,0.008979710993911146,Sports
0.010248281032039995,0.010241504423145245,0.959027207806854,0.010241504245314646,0.010241502492646149,Sports
0.16746108665132767,0.007669311653574847,0.8095309798526718,0.007669311553699539,0.007669310288726266,Sports
0.9557705468797172,0.011056962327961887,0.0110585668162904,0.011056962250165416,0.011056961725865158,Sports
0.010839750996675074,0.010835619927146753,0.9566533911392534,0.01083561969268925,0.010835618244235443,Sports
0.9593411905996709,0.010164336871291854,0.010165660766812395,0.01016433678824288,0.010164474973981964,Sports
0.9609113444030553,0.00977195552488273,0.009772789004674577,0.009771955439176465,0.009771955628211086,Sports
0.9532979687405839,0.011675203758880943,0.01167642211454489,0.01167520363094863,0.01167520175504151,Sports
0.717733225096974,0.011296613045370515,0.24837693862707097,0.011296612881296866,0.011296610349287509,Sports
0.008849448148080096,0.008846331141529223,0.9646115590489384,0.008846331135537813,0.008846330525914521,Sports
0.9429839964210872,0.014253369249702058,0.014255900322346284,0.014253368805704757,0.014253365201159749,Sports
0.010097760376512836,0.010093069857584803,0.9596230324791033,0.010093069712876757,0.0100930675739222,Sports
0.9640074243466747,0.00899794477475452,0.008998743506820311,0.008997944657167665,0.008997942714582678,Sports
0.5383945423820806,0.008683924859541564,0.43555368563684266,0.008683924664478307,0.00868392245705686,Sports
0.010672803481257272,0.010669463573233472,0.9573188075668978,0.010669463467656947,0.010669461910954534,Sports
0.962239638696464,0.009439788836325725,0.009440995192152002,0.00943978878920397,0.009439788485854254,Sports
0.010765135937664375,0.0107623383785335,0.9569478512032281,0.010762338243227032,0.010762336237347014,Sports
0.9611232456671535,0.009718921723963412,0.009719991360671474,0.009718921579025543,0.009718919669186284,Sports
0.6899215841037545,0.00942029385107948,0.009424525378086827,0.009420296288945005,0.2818133003781341,Sports
0.9448651788527643,0.013783428851641398,0.013784537961443901,0.013783428695400182,0.013783425638750159,Sports
0.9579804708718636,0.010504774838876987,0.010505207219984184,0.010504774642551909,0.010504772426723385,Sports
0.9445895493105247,0.01385241260132294,0.013853213025408886,0.013852412521537646,0.01385241254120595,Sports
0.011852586448441635,0.011848733522162121,0.9526012143832255,0.011848733438550004,0.01184873220762064,Sports
0.18476586820407806,0.007236414059474044,0.7935248799430649,0.00723641388984702,0.0072364239035359774,Sports
0.012652236145965074,0.012648498082660935,0.9494022700174053,0.012648497909793978,0.012648497844174803,Sports
0.012951910115002806,0.01294878670436245,0.9482017302683298,0.012948786669924696,0.012948786242380323,Sports
0.9573991105469059,0.0106495391440988,0.010652275949515299,0.01064953898007546,0.010649535379404412,Sports
0.010198469330609155,0.01019530237049002,0.9592156240346809,0.010195302361621878,0.010195301902598191,Sports
0.7116845179673783,0.01227068157445339,0.012274715940975447,0.012272304518833753,0.2514977799983592,Sports
0.011302756171795185,0.011296176348276177,0.9548087110551605,0.011296176136318059,0.01129618028845017,Sports
0.9531654083896179,0.011708493220673171,0.011709115530765746,0.011708493104988867,0.011708489753954167,Sports
0.013848879425573947,0.013840127497753736,0.9446307401855778,0.013840127357669355,0.013840125533425238,Sports
0.9538861218553973,0.011528105983494167,0.011529563955535744,0.011528105766832514,0.011528102438740223,Sports
0.013371819536329274,0.01336381340906045,0.9465367224483103,0.013363813227976938,0.013363831378323107,Sports
0.012493863770981372,0.01248637441602608,0.95004701497596,0.012486374287252192,0.01248637254978026,Sports
0.9527964300661688,0.01180022790811348,0.011802888829939528,0.011800227687552503,0.011800225508225628,Sports
0.009596686033824546,0.009591079526609567,0.961630077090238,0.009591079412956144,0.009591077936371916,Sports
0.496619431230633,0.008245703363981404,0.478643461811961,0.008245703170423982,0.008245700423000529,Sports
0.9626505312002034,0.00933711558271411,0.00933812499673618,0.009337115413237252,0.009337112807108966,Sports
0.7391625048561429,0.008167320345973152,0.008173593479239108,0.008167320009212269,0.23632926130943258,Sports
0.5810199858447544,0.008818804490632673,0.3925236031490317,0.008818804320689844,0.008818802194891173,Sports
0.9675552440667136,0.008111103128080704,0.008111448372741683,0.008111103021014929,0.008111101411449157,Sports
0.9592651783878084,0.010183386732941228,0.010184663297491684,0.010183386629538618,0.010183384952219996,Sports
0.9592892919333783,0.010176608153648296,0.010180887896576578,0.010176607897231576,0.010176604119165296,Sports
0.9495866022100794,0.012602506877347456,0.01260393674933233,0.012602506519618584,0.012604447643622261,Sports
0.945744914832104,0.013563044765984245,0.013565952583265102,0.013563044665623098,0.013563043153023573,Sports
0.012749228503191028,0.012746241513999378,0.9490120490755819,0.012746241392315845,0.01274623951491187,Sports
0.9572898700661591,0.010677088131477112,0.010678841511887267,0.010677088007429864,0.010677112283046426,Sports
0.011021167339448771,0.011013365385283027,0.9559387376288542,0.011013365320745651,0.011013364325668367,Sports
0.9628473194906975,0.009287962185708978,0.009288795593347008,0.00928796217779255,0.009287960552453838,Sports
0.9606455631295842,0.009838494056246243,0.009838954855885589,0.009838495363437595,0.009838492594846414,Sports
0.9570622807534414,0.010734228804654012,0.010735035233316002,0.010734228654366082,0.010734226554222584,Sports
0.5011717677493644,0.013839411786875451,0.45730851258025806,0.013839415029912086,0.01384089285358999,Sports
0.00802600814559061,0.008019852896750041,0.9679144341826961,0.008019852681881861,0.008019852093081408,Sports
0.9575505379842476,0.010612184696130433,0.010612910452088705,0.01061218453880514,0.010612182328728074,Sports
0.9655667435453715,0.00860793598903481,0.008609450424390925,0.008607935879332371,0.00860793416187039,Sports
0.9604024818768127,0.009899273338747672,0.009899699587750565,0.009899273233350594,0.009899271963338362,Sports
0.9595364032475351,0.010115520471474434,0.010117037095851392,0.01011552038719699,0.010115518797942112,Sports
0.970406020963446,0.007398031023583924,0.0073998884691997375,0.0073980308362241644,0.0073980287075463575,Sports
0.9610615288698648,0.009734407111094438,0.009735249078656074,0.009734407059457596,0.009734407880926946,Sports
0.008089876849790565,0.008083278161553815,0.9676602910709394,0.00808327799558911,0.00808327592212709,Sports
0.9612649158859825,0.00968359801392032,0.009684291754389144,0.009683597915634041,0.009683596430074064,Sports
0.5917101559821801,0.014451237775152692,0.36493517207009535,0.014451240572651713,0.014452193599920156,Sports
0.9561771068916389,0.010955091539622479,0.010957610837701847,0.01095509136384328,0.010955099367193641,Sports
0.22060125534738476,0.00835879834693559,0.7543223516550839,0.008358798222501894,0.008358796428093885,Sports
0.008964731514521231,0.00895925084198239,0.9641575177667902,0.00895925082502831,0.008959249051678138,Sports
0.9593572998500663,0.010160557784418517,0.010161028076229721,0.010160557726907509,0.010160556562377878,Sports
0.9558940651619001,0.0110260476037534,0.011027793924635803,0.011026047491372534,0.011026045818338227,Sports
0.956058736678405,0.010985021792713863,0.01098619822319476,0.010985021778627363,0.010985021527058781,Sports
0.9571141809682597,0.010721023389357215,0.010722751772898132,0.010721023233191579,0.010721020636293365,Sports
0.9599504994925747,0.01001193182336957,0.010013706359032358,0.01001193174431492,0.010011930580708496,Sports
0.5874100541502013,0.013587042226244898,0.3718274072396053,0.01358704481296715,0.013588451570981276,Sports
0.010346024519768874,0.010340222997216666,0.9586333042477906,0.010340222726031783,0.010340225509192133,Sports
0.9603674862742151,0.009907740979558662,0.009909293023826609,0.009907740860451958,0.00990773886194772,Sports
0.010621657124454629,0.010615806474127729,0.957530926371612,0.01061580631683449,0.010615803712971009,Sports
0.9606656437172252,0.009833499824406615,0.009833858827317141,0.009833499713351046,0.009833497917699906,Sports
0.010291879950844959,0.010288762372210046,0.9588418361156882,0.010288762216557452,0.010288759344699269,Sports
0.9577380760210359,0.01056512561916613,0.010566548942185986,0.010565125514483723,0.010565123903128311,Sports
0.6281195337491627,0.011103120857154924,0.3385711061163002,0.011103120696256345,0.01110311858112557,Sports
0.9585151121575675,0.010370888256546808,0.010372224012168979,0.010370888201132968,0.010370887372583832,Sports
0.9647363016551516,0.008815024156784498,0.008818627540811945,0.00881502403932409,0.008815022607927898,Sports
0.01455541467366637,0.014553332506770975,0.9417845889578269,0.014553332435633799,0.01455333142610194,Sports
0.009352228935517766,0.009346513957068345,0.9626082316339267,0.009346513810483709,0.009346511663003387,Sports
0.9526090675675146,0.011847529826901217,0.011848343425097302,0.011847529803755728,0.01184752937673125,Sports
0.9614451609104026,0.009638424071068618,0.00963956831847398,0.009638423989225167,0.009638422710829897,Sports
0.24550743633971644,0.011495985609041116,0.7200046081487302,0.011495985549506661,0.011495984353005662,Sports
0.9513633847489507,0.012158984175660512,0.012159663801127468,0.012158984119189281,0.012158983155072002,Sports
0.9594891203064884,0.010127412847052422,0.0101286421969684,0.010127412788941388,0.010127411860549475,Sports
0.9579946954722323,0.01050120017865694,0.0105017064657739,0.010501199988820592,0.010501197894516263,Sports
0.9583562360269704,0.010410833652389926,0.01041126828891122,0.010410833352350362,0.010410828679378092,Sports
0.7494119429269624,0.009261027413182583,0.22280496909930214,0.009261027169078936,0.009261033391474006,Sports
0.9517983297911391,0.012050212192836326,0.012051036246745946,0.012050212039185612,0.012050209730093114,Sports
0.9657979411519894,0.008549467193818614,0.008553647266329806,0.008549467092299057,0.008549477295563133,Sports
0.9546773296503354,0.011330372626052338,0.011331554432433128,0.011330372448262889,0.011330370842916186,Sports
0.9602142245342331,0.009946280169933364,0.009946937796460945,0.00994628000961371,0.009946277489758737,Sports
0.01123305640534788,0.011227799935090139,0.9550835455319864,0.011227799787330725,0.011227798340244866,Sports
0.9652085216760496,0.008697732295232935,0.008698284311344279,0.00869773213369104,0.008697729583682189,Sports
0.008916074797921707,0.00891099690973231,0.9643509358902412,0.008910996824971125,0.008910995577133755,Sports
0.4042677892311871,0.012751408012139746,0.557477968879556,0.012751414172036934,0.012751419705080182,Sports
0.9595724250775134,0.010106431326645907,0.010108284762549302,0.010106431099526915,0.010106427733764481,Sports
0.9629882715761138,0.009250680799456318,0.009259692050535477,0.009250680454759883,0.009250675119134442,Sports
0.9554018075926659,0.011149408886858793,0.011149966402393255,0.011149408852779713,0.011149408265302384,Sports
0.27110799776117117,0.009407043372811012,0.7006708763177403,0.0094070431297254,0.009407039418552053,Sports
0.9603836747161633,0.009903587687293984,0.00990556331401719,0.00990358760879216,0.009903586673733342,Sports
0.009315455493250514,0.009313055305154236,0.9627453739413497,0.009313055234229038,0.009313060026016454,Sports
0.010891044583654863,0.010887675179302808,0.9564459304055261,0.01088767507721809,0.010887674754298199,Sports
0.28049031805608504,0.011876187853929028,0.6838811208019971,0.011876187688014298,0.011876185599974387,Sports
0.9590803485725617,0.01022957499114551,0.010230927636476744,0.010229574918717718,0.010229573881098348,Sports
0.010959178638860968,0.010955309962844516,0.956174892126102,0.010955309926922336,0.010955309345270083,Sports
0.9594912202860278,0.010126861794990411,0.010127920132094282,0.01012686159564751,0.010127136191239998,Sports
0.9593312523440906,0.010166935476549925,0.01016794324866188,0.01016693536360791,0.010166933567089597,Sports
0.014178852390266035,0.014175095938254908,0.9432958622979641,0.014175095777479788,0.014175093596035056,Sports
0.9602724857938952,0.009931481329658815,0.009933070859789271,0.009931481294673052,0.009931480721983597,Sports
0.014870925565104075,0.014867053698493933,0.9405279151796592,0.014867053587616185,0.014867051969126625,Sports
0.960444184353498,0.009888766138177742,0.009889518581669034,0.009888766097083874,0.009888764829571343,Sports
0.9572111118135682,0.010697070024389816,0.010697677961690936,0.010697069998899158,0.01069707020145201,Sports
0.9554456889401581,0.01113795197806233,0.011140455543148253,0.011137951880731656,0.011137951657899658,Sports
0.9540974523779749,0.011474358925238473,0.01147575661744029,0.011474358828349289,0.01147807325099675,Sports
0.012028659253687178,0.012019549240039657,0.9519126935083301,0.012019549206528162,0.012019548791414918,Sports
0.01187660198640668,0.011874078172498474,0.9525011659928173,0.011874078024069762,0.01187407582420784,Sports
0.9643527269809017,0.00891164203560812,0.00891234784655661,0.008911641975731058,0.008911641161202565,Sports
0.8626348132637096,0.009176615449259807,0.10983534348548071,0.009176615274076953,0.009176612527473019,Sports
0.9632088010471723,0.009197281102465869,0.009199357243296808,0.009197280976342143,0.009197279630722742,Sports
0.9479600982214497,0.013009733694760427,0.013010700921711695,0.013009733689093177,0.013009733472984925,Sports
0.9645418926465981,0.008864393205349284,0.008864930685780363,0.008864393060611599,0.008864390401660652,Sports
0.9592535196854746,0.010185983284672597,0.01018853257604166,0.010185983161306594,0.010185981292504632,Sports
0.9651394571883106,0.008714892254248268,0.008715867297433457,0.008714892176263436,0.008714891083744182,Sports
0.00885097148289563,0.008842022607283236,0.9646229607618128,0.00884202247894232,0.008842022669065993,Sports
0.011718225281447066,0.011715375632656611,0.9531356482127432,0.011715375598579375,0.011715375274573645,Sports
0.011235117876500606,0.011231987698547564,0.9550689206837211,0.011231987603713823,0.011231986137516907,Sports
0.010478128276234289,0.010474617804495982,0.9580980193296237,0.010474617747482429,0.010474616842163633,Sports
0.9619111864075434,0.009522028346149038,0.009522729740041572,0.009522028274096199,0.009522027232169805,Sports
0.9604952567942234,0.009875920621006437,0.009876983057507067,0.009875920510283086,0.009875919016979895,Sports
0.01161101081574461,0.011608127857182574,0.9535646070742234,0.011608127773227447,0.011608126479621771,Sports
0.011859053826149057,0.0118569706856409,0.9525700364092891,0.011856970555517345,0.011856968523403679,Sports
0.5406178383380004,0.008859773181090337,0.4328028448057164,0.00885977301808071,0.0088597706571122,Sports
0.011317171907196324,0.01131017656540869,0.9547522998322675,0.011310176641951906,0.011310175053175614,Sports
0.9587555204974428,0.010310962488779767,0.010311592999289802,0.010310962434109797,0.010310961580377802,Sports
0.9530825845398524,0.011729215738979249,0.011729769292574282,0.011729215684286129,0.011729214744308006,Sports
0.9537533536438781,0.011551694683753728,0.011591565258933059,0.011551694503790413,0.01155169190964478,Sports
0.9420710191054051,0.014482027883752918,0.01448289921058824,0.014482027775041628,0.014482026025212015,Sports
0.963183190551643,0.009203255387977016,0.009207044451167993,0.009203255284536468,0.009203254324675503,Sports
0.011789986211919507,0.01178472411287162,0.9528558422604031,0.011784724091756368,0.011784723323049218,Sports
0.013392967569910827,0.013387305232230756,0.9464450865528131,0.013387305145787402,0.013387335499257939,Sports
0.9534487634895839,0.011636984941273305,0.011640282842549697,0.011636984828306322,0.011636983898286645,Sports
0.9548488188419109,0.011287645348397966,0.011288249166161694,0.011287645095239643,0.011287641548289672,Sports
0.9545952945142682,0.011350600508346487,0.011352906202771991,0.011350600362935637,0.011350598411677753,Sports
0.4223488170971319,0.01125819458185713,0.5438765988756306,0.011258194407823208,0.01125819503755718,Sports
0.009967348099607795,0.009963387813181363,0.960142489483746,0.00996338775968816,0.009963386843776704,Sports
0.012535332835192429,0.012530416338331414,0.9498734197144842,0.012530416240394712,0.012530414871597154,Sports
0.013516179269420805,0.013508935870058875,0.9459570152227648,0.013508935680640736,0.013508933957114801,Sports
0.963297722485402,0.009175447052086663,0.00917593710194602,0.009175447009973824,0.00917544635059152,Sports
0.6678164836459625,0.00921184631950469,0.3045479800177908,0.009211846171593676,0.009211843845148516,Sports
0.9583449627206418,0.010413336839961969,0.010415028828794385,0.010413336729313449,0.010413334881288445,Sports
0.9637765172726046,0.009055465096887483,0.009057088597752883,0.009055465009175425,0.00905546402357956,Sports
0.009709162600172745,0.009701502666199104,0.9611862682435574,0.009701502440535695,0.009701564049535158,Sports
0.012129229878410832,0.01212633610305767,0.951491762160195,0.012126336045761169,0.012126335812575367,Sports
0.7367502327932491,0.011815459090013941,0.22780339584796316,0.011815458755327912,0.011815453513445645,Sports
0.013500192410773477,0.013491459416643458,0.9460254304539579,0.013491459341681306,0.013491458376943904,Sports
0.014356056655688109,0.014349888331337818,0.9425942797246967,0.014349888251951076,0.01434988703632644,Sports
0.9515323479319924,0.012116682370253274,0.012117608006327,0.012116682190301974,0.01211667950112542,Sports
0.4950481643710159,0.013816204221509703,0.4635022188517557,0.013816206867542908,0.013817205688175847,Sports
0.9587741867832232,0.010306317354435556,0.010306862912323364,0.010306317255473985,0.010306315694544056,Sports
0.014384295179042546,0.014379995853625385,0.9424757177853191,0.01437999581044461,0.014379995371568291,Sports
0.5585198729777738,0.00832055637381123,0.4165184574602622,0.008320556115116463,0.008320557073036274,Sports
0.011484204459943206,0.011482594516356947,0.9540680122295836,0.011482594469551462,0.011482594324565,Sports
0.01451400867775882,0.014505874812475037,0.9419683315555897,0.014505874459555099,0.01450591049462127,Sports
0.011158192933435042,0.01115275925920288,0.9553835298767325,0.01115275924228449,0.011152758688345003,Sports
0.9600558394454709,0.00998375794520285,0.009986467231754186,0.009983757571058637,0.009990177806513604,Sports
0.9486240201229292,0.012843806534966746,0.012844561603658053,0.012843806459757896,0.012843805278688012,Sports
0.9598660072890328,0.010033147755313564,0.010034551511518207,0.01003314763570777,0.010033145808427913,Sports
0.30293023733931423,0.00898722242285191,0.6701080984008861,0.008987222237595236,0.008987219599352482,Sports
0.9622673884851932,0.009432756103031948,0.009434343846196186,0.00943275595143982,0.009432755614138939,Sports
0.9655237686864027,0.008618311941798738,0.008621297338291554,0.008618311836257527,0.008618310197249625,Sports
0.19036794578274333,0.009061269945846284,0.7824482458315347,0.009061269837667543,0.009061268602207996,Sports
0.210897114958166,0.009847244649905346,0.7595611523132609,0.009847244572126292,0.009847243506541417,Sports
0.9589929318074822,0.010251615466775962,0.01025222264438775,0.010251615412327532,0.010251614669026451,Sports
0.9526417186764669,0.011838909290979291,0.011841555421756326,0.01183890916553102,0.011838907445266536,Sports
0.013111205816956234,0.013108526669994146,0.9475632151752474,0.01310852660290273,0.013108525734899384,Sports
0.008687292342232755,0.008682982516909592,0.9652637412351714,0.008682982340010649,0.008683001565675523,Sports
0.9480667551617777,0.012983042674166934,0.012984118137115343,0.012983042594271375,0.01298304143266856,Sports
0.008756565701554241,0.00875262422716281,0.9649855641721508,0.00875262405515221,0.008752621843980022,Sports
0.9515836169801782,0.012103381744983325,0.01210624265103465,0.012103381465065602,0.012103377158738172,Sports
0.9666126170765298,0.008346691487278088,0.008347310305235075,0.008346691380648027,0.008346689750309085,Sports
0.9475937107550328,0.013101361385551914,0.01310220697164461,0.013101361202605655,0.013101359685164972,Sports
0.009950705063498476,0.009945434500385299,0.96021299030058,0.009945434300829803,0.009945435834706353,Sports
0.9656161575368628,0.00859581547375581,0.008596398280152765,0.008595815330434887,0.008595813378793763,Sports
0.964668182382398,0.008832693758171974,0.00883373833748355,0.008832693651467704,0.008832691870478596,Sports
0.016421659289707295,0.01641618117819271,0.9343297987306071,0.016416181079545525,0.016416179721947373,Sports
0.9544505723616157,0.011386957291411589,0.011388560867739114,0.01138695698921549,0.011386952490018204,Sports
0.952439641478452,0.011889087794464638,0.011893095582059615,0.011889087671655958,0.011889087473367853,Sports
0.34177386224494294,0.011555997993438002,0.6235581443504917,0.011555997805769044,0.011555997605358134,Sports
0.9615301430410498,0.009615555485914338,0.00962319336082198,0.009615555324392197,0.009615552787821821,Sports
0.7599946462483647,0.006809615298735491,0.00681329083484075,0.006809614933901644,0.21957283268415748,Sports
0.0102782349889178,0.01027538366757557,0.9588956152072123,0.010275383595765998,0.0102753825405284,Sports
0.9671144236696387,0.008220945449380993,0.008222741586794202,0.008220945359101534,0.008220943935084518,Sports
0.7025716055108618,0.008511979300018806,0.27189244606788376,0.008511979073573437,0.008511990047662215,Sports
0.9560349717246911,0.010990780401792506,0.010992690095905932,0.010990780215417528,0.010990777562192817,Sports
0.499995628170267,0.011652098526403632,0.4650480761116169,0.01165209838063772,0.011652098811074664,Sports
0.9556192657215741,0.011094946904550552,0.011095895059734013,0.011094946818787364,0.01109494549535378,Sports
0.9518794222233852,0.012029935017085365,0.0120307751940317,0.0120299348762501,0.012029932689247855,Sports
0.9568918041603983,0.010776371191257916,0.010779084213664747,0.010776371055069543,0.010776369379609522,Sports
0.586608320067144,0.010694005781138825,0.3813096247276642,0.01069400549290009,0.010694043931152966,Sports
0.961813949625307,0.009546302485926014,0.009547144009991185,0.009546302422395864,0.00954630145638012,Sports
0.9558785856361612,0.011029828839678924,0.011031930517581506,0.01102982869260833,0.011029826313969917,Sports
0.9597049611409894,0.010073557352594657,0.010074367031578166,0.010073557337620585,0.010073557137217184,Sports
0.9590699028981541,0.010232368204189187,0.010232996067126483,0.010232367999812888,0.010232364830717178,Sports
0.9560393436558594,0.010990041501479322,0.010990531263991974,0.010990041423796837,0.010990042154872195,Sports
0.011273837830529682,0.011266441695196553,0.9549267928479636,0.011266441558906205,0.011266486067404036,Sports
0.9493764906484122,0.012655358420006948,0.012657436905487244,0.012655358254197864,0.01265535577189576,Sports
0.011557744916748885,0.011554089728194229,0.953779986067907,0.011554089688903839,0.0115540895982461,Sports
0.9562797033705431,0.01092970174907623,0.010931194532165699,0.010929701542683558,0.010929698805531489,Sports
0.9702284169091598,0.007442664420166033,0.0074435903107961405,0.007442664360170799,0.0074426639997073295,Sports
0.9604396166440594,0.009889775806135283,0.009891057917553634,0.009889775671868663,0.009889773960383109,Sports
0.9655526325170503,0.008609240242645748,0.008619649283495302,0.008609240054741849,0.00860923790206691,Edukasi
0.010661093375949138,0.010656480068800744,0.95736947074493,0.010656479817424114,0.010656475992896083,Edukasi
0.01066342029222718,0.01065847847513843,0.9573611464570707,0.010658478348809808,0.010658476426753848,Edukasi
0.9621930491441276,0.00945132323765499,0.0094529840000362,0.009451323075612283,0.009451320542568723,Edukasi
0.9606716484748082,0.009831880019798343,0.00983271217868738,0.00983187997944095,0.009831879347265114,Edukasi
0.011295989806332323,0.011290714826897294,0.9548318337630549,0.01129071454867085,0.011290747055044676,Edukasi
0.9589213158522975,0.010269453575344107,0.010270324575998512,0.010269453510009862,0.010269452486350143,Edukasi
0.6057489169833211,0.008936770169435214,0.36744077411450643,0.008936770075828713,0.008936768656908478,Edukasi
0.9602966796278398,0.009925641146525029,0.009926397076928892,0.009925641061479296,0.009925641087227027,Edukasi
0.010978112965560154,0.010972495260392892,0.9561044027262626,0.010972495138437774,0.01097249390934665,Edukasi
0.9562024478777813,0.010949224110950891,0.010949881188972214,0.010949224010596751,0.010949222811698864,Edukasi
0.9647685438813887,0.008807632606523678,0.008808560190181934,0.008807632493038954,0.008807630828866759,Edukasi
0.011334127290662526,0.011327535069811689,0.9546832657873572,0.011327534892624459,0.011327536959544216,Edukasi
0.9534291415683193,0.011642506714606655,0.011643338522296645,0.011642506699519693,0.011642506495257653,Edukasi
0.9552042630595254,0.011198729709698237,0.011199548747933205,0.011198729655819516,0.01119872882702369,Edukasi
0.9644731786291154,0.008881398553972866,0.008882627201886433,0.008881398467261301,0.008881397147763922,Edukasi
0.009078862927927403,0.009074460372678917,0.9636977548388349,0.009074460444252216,0.00907446141630648,Edukasi
0.9502631352530055,0.012433689060510397,0.012435801142372945,0.012433688846031726,0.012433685698079318,Edukasi
0.9577421429972338,0.010564395498856056,0.010564674614008611,0.010564395267498649,0.01056439162240287,Edukasi
0.9626084590487334,0.009347806383549932,0.009348125043540165,0.009347806201104834,0.009347803323071694,Edukasi
0.008144919617305816,0.008140414661531998,0.967433829298867,0.008140414491822135,0.008140421930473138,Edukasi
0.0083858670840589,0.008380684673602465,0.9664720803066712,0.008380684653120262,0.008380683282547085,Edukasi
0.9603439768109265,0.009913901405751354,0.009914322278112423,0.009913901215558081,0.009913898289651757,Edukasi
0.964585661195066,0.008853211805748598,0.008854602324157664,0.008853211701073907,0.008853312973953824,Edukasi
0.011634778211346645,0.011631110005265883,0.9534718922985891,0.011631109968457055,0.011631109516341307,Edukasi
0.011194997903491695,0.011190787174828257,0.9552326410193861,0.011190787047908999,0.011190786854384979,Edukasi
0.9642860803680425,0.008927595081379594,0.008931127325312005,0.00892759479950429,0.008927602425761709,Edukasi
0.9583867662965313,0.010403139656790756,0.010403815300062205,0.010403139622473592,0.010403139124142119,Edukasi
0.9526866473082898,0.011828149338854978,0.011828906942835251,0.011828149219004965,0.011828147191014925,Edukasi
0.5904511315466218,0.009261710175746929,0.3817637377997196,0.00926170994946686,0.00926171052844495,Edukasi
0.9586415648577858,0.010339228179740732,0.010340752245607076,0.010339228088326508,0.01033922662853976,Edukasi
0.9610250004651991,0.009743602627650616,0.009744193236211007,0.009743602587203378,0.009743601083735893,Edukasi
0.9684962927603087,0.007875685023175427,0.007876652968149055,0.007875684972142501,0.007875684276224362,Edukasi
0.9551585683384037,0.011209849080459125,0.011211886709682494,0.011209848949608008,0.01120984692184675,Edukasi
0.012642811452139474,0.012638756507576971,0.9494409197110171,0.012638756462045302,0.01263875586722115,Edukasi
0.9597212794506559,0.010069516908201646,0.01007017101578723,0.0100695168391338,0.010069515786221497,Edukasi
0.95172230516208,0.012069290494198874,0.012069824835801548,0.012069290390118803,0.01206928911780083,Edukasi
0.011597270083230766,0.011594811094662368,0.9536182969171572,0.01159481105460383,0.01159481085034589,Edukasi
0.3914858278451789,0.011828996117405026,0.5730271828000325,0.011828996000612138,0.011828997236771596,Edukasi
0.9462497694571897,0.013437285367689272,0.013438375372762129,0.013437285316729941,0.013437284485628911,Edukasi
0.9647325893021252,0.008814369431148068,0.008824304610398471,0.008814369301696554,0.008814367354631633,Edukasi
0.9613565410269738,0.009660702644716312,0.00966135327985546,0.009660702519515374,0.009660700528939067,Edukasi
0.9590026939358934,0.01024880355855863,0.01025089721912057,0.010248803448837832,0.010248801837589536,Edukasi
0.9633503059973212,0.009161953522363,0.009163836636855004,0.009161953334031728,0.009161950509429037,Edukasi
0.012156498342318117,0.012152840347145961,0.951384973904337,0.012152840105747159,0.012152847300451781,Edukasi
0.9599964785529786,0.010000626843195099,0.010001643505411335,0.010000626714213355,0.010000624384201707,Edukasi
0.9485748740110231,0.012856053324408827,0.01285696941825073,0.012856053131129787,0.012856050115187359,Edukasi
0.9554573071108836,0.011135468331000632,0.011136288720467874,0.011135468315463696,0.011135467522184207,Edukasi
0.593213953175664,0.009770565094313842,0.37747435689847464,0.009770564785839474,0.009770560045708039,Edukasi
0.963168756638404,0.009207493124402546,0.009208765491008958,0.009207493024528644,0.009207491721655863,Edukasi
0.952114484394528,0.011970357347868601,0.011974445354162788,0.01197035718515717,0.011970355718283362,Edukasi
0.012165476006111797,0.0121432402797057,0.9514047975308406,0.012143240051880708,0.012143246131461245,Edukasi
0.951454649921918,0.012135643564517075,0.012137930343927865,0.012135643495931367,0.012136132673705708,Edukasi
0.9382762003944431,0.015430695809868512,0.015431719542353341,0.015430695398613567,0.015430688854721333,Edukasi
0.9636305316801369,0.009091717334132915,0.009093521537871407,0.009091717212342199,0.009092512235516678,Edukasi
0.011270550475467931,0.011267729294787693,0.9549262593654975,0.011267729309153563,0.01126773155509316,Edukasi
0.95499259473194,0.011251533774124786,0.01125280654571815,0.011251533613313266,0.011251531334903697,Edukasi
0.9606652209591291,0.009833568179924923,0.009834075970268669,0.009833568097024606,0.009833566793652762,Edukasi
0.9585958553361081,0.010346504753131773,0.01036463398460042,0.010346504537689273,0.010346501388470309,Edukasi
0.01284501275398078,0.012830028425656583,0.9486649056373453,0.012830028085139278,0.01283002509787803,Edukasi
0.9654902649688093,0.008626784139870834,0.008629382506474395,0.008626784039689327,0.008626784345156154,Edukasi
0.5621205713027173,0.010084993016194794,0.40762441507030006,0.010084993452949402,0.010085027157838407,Edukasi
0.9514129812088442,0.012146337688361264,0.012148009106724674,0.012146337496028153,0.012146334500041633,Edukasi
0.9627369546077399,0.009315333676612154,0.00931704509182682,0.00931533362558246,0.009315332998238498,Edukasi
0.9592554696777567,0.010185950579855524,0.010186680375368786,0.0101859505669266,0.010185948800092626,Edukasi
0.9420678629303305,0.01448275377289945,0.014483879111025146,0.014482753582646621,0.014482750603098216,Edukasi
0.008853644870819561,0.008850306825226455,0.9645954334708134,0.00885030674043254,0.008850308092708087,Edukasi
0.011806172542944816,0.011803572368513357,0.9527831111614941,0.011803572316542396,0.011803571610505307,Edukasi
0.9535699215081022,0.011607169052629577,0.011608572395217126,0.011607168939492167,0.011607168104558916,Edukasi
0.7222162096375381,0.013743255607344658,0.23655403029863886,0.013743255245539463,0.013743249210939043,Edukasi
0.961544207441759,0.009613583169179119,0.009615044803812596,0.009613583068235669,0.009613581517013602,Edukasi
0.9603964069109974,0.009900758149548801,0.009901319227284011,0.009900758111239416,0.009900757600930546,Edukasi
0.9545877492678911,0.011352760168999566,0.0113539731726527,0.011352760003699575,0.011352757386757211,Edukasi
0.9635786272082444,0.009105014534273903,0.009106330359238631,0.009105014443999374,0.00910501345424367,Edukasi
0.9505113842589683,0.012371944017883168,0.012372786613419492,0.012371943847950914,0.012371941261778038,Edukasi
0.9548561730626639,0.011285822459509876,0.011286362063534174,0.011285822318561931,0.011285820095730249,Edukasi
0.9583501006136314,0.01041230194988994,0.010412997047547001,0.010412301749750878,0.010412298639180799,Edukasi
0.7461897114991873,0.009955546380243112,0.009958455029136849,0.00995554602702294,0.22394074106440978,Edukasi
0.011933282681784525,0.011929924632488004,0.9522769442533149,0.011929924543328214,0.011929923889084426,Edukasi
0.009191800047012855,0.00918659331833818,0.9632484226172447,0.009186593139016533,0.009186590878387755,Edukasi
0.010076430324310139,0.010067648634990146,0.9597206256948869,0.010067648528798004,0.010067646817015,Edukasi
0.634424613067902,0.013393011045629715,0.3253963683125438,0.013393010227216375,0.013392997346708171,Edukasi
0.7770322750002853,0.012840507565965366,0.012843134295170899,0.012840507218794026,0.18444357591978447,Edukasi
0.9644389655652056,0.008890152477077671,0.008890580441207455,0.008890152281826305,0.00889014923468304,Edukasi
0.9613955987438545,0.00965077454307323,0.009652078588452647,0.00965077449779925,0.009650773626820257,Edukasi
0.9509498891074888,0.012262296076085517,0.012263223604957312,0.012262295913836778,0.012262295297631584,Edukasi
0.9581862076389994,0.010453074463233436,0.010454571146044579,0.010453074337423046,0.01045307241429956,Edukasi
0.9614104852126613,0.009647076168286764,0.009648288172960092,0.009647076059148519,0.009647074386943488,Edukasi
0.9542739648496188,0.01142976651651687,0.01143673930157578,0.011429766123191333,0.011429763209097138,Edukasi
0.9562051532916389,0.010948182086936813,0.010950302366827404,0.010948181966963202,0.010948180287633665,Edukasi
0.008713063663084507,0.008708096820958538,0.9651626484919973,0.008708096676057129,0.008708094347902678,Edukasi
0.01430300542857819,0.014299000003311663,0.9427999958860542,0.014298999835803029,0.014298998846252882,Edukasi
0.9578387215207702,0.010538724581781053,0.01054510648159719,0.010538724480334011,0.010538722935517492,Edukasi
0.9573871462626796,0.010653074828243214,0.01065362993443053,0.010653074784904034,0.01065307418974254,Edukasi
0.9610614152003281,0.00973440745789942,0.00973536399155271,0.009734407368829958,0.00973440598138991,Edukasi
0.9684984381342538,0.007875149207374562,0.007876115078976294,0.007875149159628086,0.007875148419767226,Edukasi
0.9607168521356989,0.009820555114445606,0.009821485276423856,0.00982055494626722,0.009820552527164532,Edukasi
0.9590721413825253,0.010231372266387088,0.010233743683774344,0.010231372133300587,0.010231370534012607,Edukasi
0.9606853197083554,0.009828362516735785,0.00982959436775071,0.009828362421421502,0.00982836098573666,Edukasi
0.010049199401111247,0.010046203124796566,0.9598121928355269,0.010046203029181713,0.010046201609383501,Edukasi
0.011232316934854944,0.011223346683941383,0.9550976452807793,0.011223346499697286,0.011223344600727042,Edukasi
0.9591853628482238,0.010203512574421682,0.010204102043533985,0.010203512418178816,0.010203510115641787,Edukasi
0.956826581639521,0.010793090930968781,0.010794147527970803,0.010793090861512407,0.010793089040027024,Edukasi
0.9539047990857135,0.011523574142933292,0.011524480111500373,0.01152357401104266,0.011523572648810338,Edukasi
0.9635524368622004,0.009111479351874906,0.009113126607413702,0.009111479246072618,0.009111477932438553,Edukasi
0.9556117756787418,0.011096818078955344,0.011097770723348175,0.011096818043914745,0.011096817475040084,Edukasi
0.9597835649299298,0.01005288002950361,0.010057797663967496,0.010052879853049536,0.010052877523549667,Edukasi
0.01046524438732411,0.010460483635070192,0.9581533064761881,0.01046048350042086,0.010460482000996882,Edukasi
0.9553116164018302,0.011171757872325407,0.011173110220344375,0.011171757805543404,0.011171757699956505,Edukasi
0.9613695762744978,0.0096574499949911,0.00965807541699579,0.009657449899243619,0.009657448414271727,Edukasi
0.9586042393727421,0.010348596815627583,0.010349972869561063,0.010348596646974536,0.010348594295094719,Edukasi
0.0121488883314555,0.012145311176152328,0.9514151790239612,0.012145311116636057,0.012145310351794879,Edukasi
0.9671423991743116,0.00821228154050435,0.008220758021597009,0.008212281423747383,0.008212279839839754,Edukasi
0.9615434853154448,0.0096136849214147,0.009615462909062657,0.009613684748729581,0.009613682105348345,Edukasi
0.012995048755802544,0.012982329625930473,0.9480579655879264,0.012982329413121482,0.012982326617219118,Edukasi
0.9641298744512113,0.00896693464575,0.008969323803297713,0.008966934519888548,0.00896693257985229,Edukasi
0.9585597751084797,0.010359909389578755,0.010360498847535031,0.010359909269035785,0.01035990738537067,Edukasi
0.960665614528693,0.009833226579705694,0.00983470731840323,0.009833226468260103,0.00983322510493777,Edukasi
0.9523232578911142,0.011919012641160364,0.011919706839864937,0.011919012483876692,0.01191901014398376,Edukasi
0.9630812287757178,0.00922956299609352,0.009230083628988136,0.009229562915979856,0.009229561683220798,Edukasi
0.9501577126901604,0.012460233377544486,0.01246158864450352,0.012460233293746459,0.01246023199404522,Edukasi
0.008427245544114392,0.008424314364709003,0.9662998144494741,0.008424314186379695,0.008424311455322827,Edukasi
0.9540955298778965,0.011475756152113626,0.011477202931037798,0.011475756078919272,0.011475754960032798,Edukasi
0.011842681730177931,0.011839360990432425,0.9526392360011388,0.011839360869423648,0.0118393604088274,Edukasi
0.9581204927870057,0.010469603593376729,0.010470697484100759,0.010469603535535233,0.010469602599981528,Edukasi
0.9475839417643748,0.013103399008092457,0.01310585850070435,0.013103398654857708,0.013103402071970686,Edukasi
0.01283948652582236,0.012834506526005214,0.9486569965410029,0.012834506326302139,0.012834504080867481,Edukasi
0.9607627888226798,0.009809011470569914,0.009810178463390176,0.009809011370769711,0.009809009872590453,Edukasi
0.010114641481644156,0.01010988129382991,0.9595557177693114,0.010109881124116852,0.010109878331097777,Edukasi
0.4516700823828777,0.009957733102338523,0.5184567220589311,0.00995773283513446,0.009957729620718139,Edukasi
0.6554379387329211,0.010265135788269115,0.3137666552563037,0.010265135660227827,0.010265134562278172,Edukasi
0.9576966291518003,0.01057558642185582,0.010576613598479096,0.010575586308072494,0.010575584519792276,Edukasi
0.9553660930131227,0.01115809300605648,0.011159629178826324,0.011158092932523662,0.011158091869470732,Edukasi
0.9623683283321076,0.00940760883972106,0.009408847349548891,0.009407608711355021,0.009407606767267556,Edukasi
0.3914858278451789,0.011828996117405026,0.5730271828000325,0.011828996000612138,0.011828997236771596,Edukasi
0.9662450884995537,0.008438562157599132,0.008439228555909496,0.008438561951159808,0.008438558835777923,Edukasi
0.953619568550747,0.011594709385295198,0.01159630383972812,0.011594709311885774,0.011594708912343933,Edukasi
0.9583173436968092,0.010416336853170857,0.01043364636614089,0.01041633668676705,0.010416336397112052,Edukasi
0.957986095368954,0.0105031568684319,0.010504436505104657,0.01050315672822444,0.010503154529284953,Edukasi
0.9506368645062881,0.01233984140700467,0.012343613787308392,0.01233984125419077,0.012339839045207919,Edukasi
0.012623376784651974,0.012620522745693833,0.9495150566249576,0.012620522649719556,0.012620521194976938,Edukasi
0.9627494735617167,0.009312457447239228,0.009313157026921202,0.009312457272934045,0.009312454691188852,Edukasi
0.01199189780185415,0.011988791238504824,0.95204172905998,0.011988791201750617,0.011988790697910605,Edukasi
0.9541869913053035,0.011453125256261678,0.01145363622149426,0.011453125064461899,0.011453122152478668,Edukasi
0.9604367422749832,0.00989055312168854,0.009891600121821338,0.009890553016144773,0.009890551465362064,Edukasi
0.9559289937851182,0.011017595244971416,0.011018221218961248,0.011017595202571388,0.011017594548377821,Edukasi
0.9551172205968559,0.011218880221066875,0.011226138897556458,0.011218880031906193,0.011218880252614393,Edukasi
0.964864037157652,0.008783424126865202,0.008785692659735018,0.008783423997294433,0.008783422058453312,Edukasi
0.943489463876132,0.014127427264712202,0.014128256568023235,0.014127427139067734,0.014127425152064955,Edukasi
0.7287951733578288,0.012201662522165724,0.012212838984579654,0.012201662144947641,0.23458866299047815,Edukasi
0.963526943971343,0.009118123865309254,0.009118685265470777,0.009118123817624767,0.009118123080252304,Edukasi
0.9649173182325276,0.008770118912033623,0.008772326427711809,0.008770118832843862,0.008770117594883166,Edukasi
0.012616344374199524,0.012580476434115756,0.9496422236756636,0.012580476106325011,0.012580479409696036,Edukasi
0.010036089464395043,0.01003397041102218,0.959862000481763,0.010033970332931868,0.010033969309888105,Edukasi
0.008283720376777692,0.008280892134049478,0.9668736034526981,0.008280892026809721,0.008280892009665086,Edukasi
0.9520271984911104,0.011992691570490946,0.01199472864792867,0.011992691457587905,0.011992689832881893,Edukasi
0.013679237459995185,0.013675765249756935,0.9452934682698655,0.01367576515940434,0.013675763860977928,Edukasi
0.9513222878106231,0.01216923355778676,0.012170014525729559,0.012169233386970027,0.012169230718890615,Edukasi
0.008820577244878114,0.008819155268596675,0.9647219586783609,0.008819155102791706,0.008819153705372649,Edukasi
0.9519207118681908,0.012019626801003732,0.012020408884996375,0.012019626734310106,0.012019625711498982,Edukasi
0.701633835560271,0.012913737321904055,0.01291709559142587,0.25961766784315154,0.012917663683247507,Edukasi
0.961991465913439,0.009501835553530093,0.0095030277973726,0.009501835512507583,0.00950183522315078,Edukasi
0.008699474929621183,0.008694633658779937,0.9652166279459198,0.008694633440630458,0.008694630025048758,Edukasi
0.8490171618149237,0.011170780385481794,0.1174704500474411,0.011170780101178985,0.011170827650974371,Edukasi
0.5679342620547677,0.009278387846453488,0.4042305740864818,0.00927838761669274,0.009278388395604348,Edukasi
0.007801687122803989,0.007798985790151569,0.9688013567514946,0.007798985695117122,0.007798984640432701,Edukasi
0.9587375339861494,0.010314532588111857,0.010318870258915412,0.010314532472102829,0.010314530694720572,Edukasi
0.964182489032962,0.0089537324679597,0.008956314255760085,0.00895373228666024,0.008953731956657997,Edukasi
0.9608485885632566,0.009786648780648909,0.009788014148047834,0.009786648435158463,0.009790100072888271,Edukasi
0.9644610388497158,0.008884312076390446,0.008886026085423906,0.008884312009087469,0.008884310979382323,Edukasi
0.960284344586388,0.009927835474505394,0.00993215077257812,0.009927835367338324,0.009927833799190133,Edukasi
0.012497074145188755,0.01248783196660371,0.9500394316778094,0.012487831859964722,0.01248783035043349,Edukasi
0.01354022687954563,0.013536584097894502,0.9458500223395253,0.013536583986871388,0.013536582696163266,Edukasi
0.6991958850290333,0.010015059587450269,0.27075893593831984,0.010015059322109283,0.010015060123087451,Edukasi
0.959321850092119,0.010169465382726763,0.010169757497146863,0.01016946516251956,0.010169461865487906,Edukasi
0.9619631907308768,0.009509127370340403,0.009509435923156062,0.009509126868712404,0.009509119106914293,Edukasi
0.013895474560697925,0.013890976342622591,0.944431598258519,0.013890976238555886,0.01389097459960453,Edukasi
0.9654144387778818,0.008643804570002604,0.008654153754692574,0.008643804210168513,0.008643798687254541,Edukasi
0.9543162372702637,0.011420260044595737,0.011422985159526484,0.011420259899751269,0.011420257625862929,Edukasi
0.9538342974421199,0.011540700784917738,0.011543602380009746,0.011540700657880888,0.01154069873507184,Edukasi
0.959368846172489,0.01015762404656839,0.010158282669810772,0.010157623989677,0.010157623121454972,Edukasi
0.255641217296911,0.010801205131284882,0.7119551718175042,0.010801204868246896,0.010801200886052914,Edukasi
0.9595975818958642,0.010100422312082908,0.010101151794800001,0.010100422273333838,0.010100421723919081,Edukasi
0.012273700989809162,0.012269915855835988,0.9509165509987517,0.012269915809765861,0.012269916345837406,Edukasi
0.9621543508233132,0.009460966707979431,0.009462751046555118,0.009460966529301434,0.009460964892850686,Edukasi
0.9628765551686325,0.009280491162260998,0.009281971470898454,0.009280491060719284,0.009280491137488772,Edukasi
0.9340497327460697,0.016485481554627892,0.016493829642713842,0.016485481092698144,0.016485474963890388,Edukasi
0.9605030747052118,0.009873285471911056,0.009877070453110169,0.009873285384869585,0.009873283984897376,Edukasi
0.9624594166741174,0.009382004924119034,0.009394572785537582,0.009382004655965276,0.009382000960260784,Edukasi
0.9557139082551981,0.011070375503217452,0.011074965787531095,0.01107037538647591,0.011070375067577503,Edukasi
0.01156974144357631,0.011564790458773027,0.9537358897696422,0.011564790302675102,0.011564788025333348,Edukasi
0.9638756630012052,0.00903071309264204,0.00903219943300154,0.00903071297483168,0.009030711498319612,Edukasi
0.957990109863075,0.010502316015465888,0.010502942614290597,0.010502315989810952,0.010502315517357792,Edukasi
0.9622370044176524,0.009440662484601514,0.009441011551337836,0.009440662280006167,0.009440659266402012,Edukasi
0.9630218805244376,0.009244380838027338,0.009244978658126696,0.009244380737185393,0.009244379242222968,Edukasi
0.9547225593603575,0.01131914820245844,0.011319997666285572,0.01131914810482796,0.01131914666607051,Edukasi
0.9559937306661919,0.011000698223808317,0.011004175811576073,0.011000698135167245,0.011000697163256686,Edukasi
0.008644131418658014,0.00863762560354615,0.9654429943745388,0.008637625446738545,0.008637623156518425,Edukasi
0.010709567403586785,0.010703957838827282,0.9571785579688651,0.010703957583952423,0.010703959204768498,Edukasi
0.009108611281418202,0.009105137046689148,0.9635759785051262,0.009105136988348892,0.009105136178417643,Edukasi
0.9608565914753945,0.009785628370075317,0.009786525779176769,0.009785628228535822,0.009785626146817683,Edukasi
0.9513204557855761,0.012169750298520502,0.012170293991051228,0.012169750263245878,0.012169749661606213,Edukasi
0.9506220606031246,0.012344318037084986,0.012344987031376436,0.012344317967576537,0.012344316360837408,Edukasi
0.9636094389125076,0.009097173430170908,0.00909904234607099,0.009097173342220436,0.009097171969030052,Edukasi
0.011203433721909682,0.011200610892796755,0.9551947343375006,0.011200610834095036,0.011200610213697977,Edukasi
0.9623564560043939,0.009410797994168265,0.00941115084690189,0.009410797839853166,0.009410797314682884,Edukasi
0.9549066643882237,0.011272849288181862,0.011274790005271536,0.01127284912026424,0.01127284719805854,Edukasi
0.959837793621102,0.010040196637493585,0.010041618349469358,0.010040196528676255,0.010040194863259027,Edukasi
0.9570946740517409,0.010726189939420644,0.01072675746674824,0.01072618986844703,0.010726188673643144,Edukasi
0.011635133491880612,0.011629780923305338,0.9534755272932198,0.01162978071545467,0.011629777576139698,Edukasi
0.9604064499448363,0.009898132766050186,0.009899154701605316,0.00989813259819443,0.00989812998931375,Edukasi
0.9505268090675233,0.012368099721991158,0.012368893372379544,0.012368099636918121,0.012368098201187814,Edukasi
0.6946046358674398,0.01038252896078068,0.27424777924785854,0.010382528648503414,0.01038252727541753,Edukasi
0.9614470697669382,0.009638126238223955,0.009638552725290461,0.009638126171455222,0.009638125098092235,Edukasi
0.944905491158394,0.013772757702705243,0.013776236133818948,0.013772757531526745,0.013772757473555103,Edukasi
0.9593017872490386,0.010174473008568915,0.010174796308631395,0.010174472846594097,0.010174470587167079,Edukasi
0.012037123318399668,0.012033910803901858,0.951861144244054,0.012033910743851711,0.01203391088979261,Edukasi
0.9609125308952683,0.00977172347317312,0.0097722993335552,0.009771723425355592,0.009771722872647727,Edukasi
0.010705449787562535,0.010701898932148637,0.9571888543154998,0.010701898799128412,0.010701898165660709,Edukasi
0.9561461801804111,0.0109631616715422,0.010964338315855584,0.010963161473295836,0.010963158358895274,Edukasi
0.9628255375575061,0.009293192184046088,0.009294886951994015,0.009293192123356959,0.009293191183096898,Edukasi
0.9542285521849054,0.011442609054015632,0.01144362239625361,0.011442608955668888,0.011442607409156494,Edukasi
0.9603895299202139,0.009902494999905734,0.009902987246188818,0.009902494877505861,0.009902492956185678,Edukasi
0.9567817650403028,0.010804253542334321,0.010805477322615688,0.010804253371676016,0.010804250723071314,Edukasi
0.570565754674104,0.009771198826660112,0.40012064894423405,0.009771198642010509,0.00977119891299134,Edukasi
0.20787180222825466,0.008400115844813925,0.7669278540068102,0.008400115566302395,0.008400112353818915,Edukasi
0.00810784353323911,0.008101645672836257,0.9675872180973434,0.008101645591191703,0.008101647105389501,Edukasi
0.9675471887223607,0.008112983284499988,0.00811386294702119,0.008112983167215378,0.008112981878902753,Edukasi
0.9688096210342102,0.0077974259408910606,0.0077981046945655805,0.007797425716531324,0.007797422613801721,Edukasi
0.9651893008896166,0.008702452830722487,0.008703341915857888,0.008702452761120472,0.008702451602682553,Edukasi
0.9599767207460611,0.010005679969612298,0.010006241523358064,0.01000567984608749,0.010005677914880948,Edukasi
0.9608612960470643,0.009784520403323452,0.009785143034008856,0.009784520393600463,0.009784520122002706,Edukasi
0.010596562255350992,0.010590344013369021,0.957632192437847,0.010590343800330144,0.01059055749310284,Edukasi
0.9615335886967653,0.009616276668237183,0.009617581953183333,0.009616276533475496,0.009616276148338673,Edukasi
0.9684218098943814,0.007894279228284276,0.007895354058037082,0.0078942791392355,0.007894277680061764,Edukasi
0.9478547501270481,0.013035653355883694,0.013038291063300931,0.013035653271965377,0.01303565218180199,Edukasi
0.564111239539802,0.010624265810062617,0.4040155535644699,0.010624265432091154,0.010624675653574493,Edukasi
0.009707945802991062,0.009703762273985289,0.9611807661779477,0.00970376212168171,0.009703763623394262,Edukasi
0.957876630349814,0.010530392837242114,0.010532193817630703,0.010530392639676284,0.010530390355636935,Edukasi
0.9617263106604272,0.009567483337638162,0.00957124083273837,0.009567483235536273,0.009567481933660102,Edukasi
0.009288142387671922,0.00928312502212524,0.9628624843707514,0.009283124924986029,0.00928312329446545,Edukasi
0.9654292198544429,0.008641817654823506,0.008645327661127196,0.008641817562320525,0.00864181726728591,Edukasi
0.61661719399505,0.008490226361162494,0.35791212900654323,0.008490226220519726,0.008490224416724612,Edukasi
0.9586249607698782,0.01034363783016056,0.010344128396915968,0.010343637668269894,0.010343635334775517,Edukasi
0.95918516604326,0.010203461003485684,0.010204453543072579,0.010203460855750529,0.010203458554431277,Edukasi
0.010764789095459304,0.010760514736121591,0.9569536672934595,0.010760514697705273,0.010760514177254052,Edukasi
0.01182170902732341,0.011818394976386232,0.9527231066831181,0.011818394972765729,0.011818394340406711,Edukasi
0.9628574778119772,0.00928550480044077,0.00928601039449232,0.009285504591462903,0.009285502401626722,Edukasi
0.9615417642839451,0.009614251639088172,0.009615482537341697,0.009614251538494894,0.009614250001130083,Edukasi
0.9554350028790188,0.011141036143930997,0.011141890205937078,0.011141036050554352,0.011141034720559006,Edukasi
0.9598140280570614,0.010046005836819827,0.010047879036721413,0.010046005796269592,0.010046081273127594,Edukasi
0.009169762630417822,0.00916663967669954,0.9633303196388007,0.009166639599766017,0.009166638454315932,Edukasi
0.00960850352355673,0.009603669865440846,0.9615804899128626,0.00960366972186599,0.009603666976274024,Edukasi
0.012926083587501353,0.012921907251746747,0.9483081967645723,0.012921907125394302,0.012921905270785206,Edukasi
0.009100230904489649,0.009096006057732196,0.9636117533977387,0.009096005866281818,0.009096003773757579,Edukasi
0.9534122387479461,0.011646733015517536,0.01164756404461826,0.01164673291340222,0.011646731278515872,Edukasi
0.9650472736886895,0.008737088991597577,0.008741449018579256,0.008737088745127766,0.008737099556006062,Edukasi
0.9628496505771719,0.009287339678060166,0.009288331280539098,0.009287339627388756,0.009287338836840228,Edukasi
0.4332133256595072,0.008518981287645427,0.5412297227525764,0.008518981147159273,0.008518989153111665,Edukasi
0.9645617801222461,0.008858901711751565,0.008860280343017939,0.008858901564670348,0.008860136258314066,Edukasi
0.012585841292415984,0.012583172424924004,0.9496646343985601,0.012583172340784267,0.012583179543315679,Edukasi
0.5565919614396752,0.011118680463859656,0.41005200504293277,0.011118680017557583,0.011118673035975121,Edukasi
0.9666460908487927,0.008337851049212846,0.008340357541387896,0.008337850932818639,0.008337849627787752,Edukasi
0.9639706733145146,0.009007028100909377,0.009008243639993908,0.009007028025200507,0.00900702691938143,Edukasi
0.01140143952844095,0.01139645436109209,0.954409198241647,0.011396454262106276,0.011396453606713725,Edukasi
0.9586459648740047,0.010338302905831641,0.010339127865131286,0.0103383028245491,0.010338301530483445,Edukasi
0.9594871530739547,0.01012723893631336,0.010131130864043067,0.010127238792413508,0.010127238333275316,Edukasi
0.009818813198709583,0.009812295832115618,0.9607443010941138,0.00981229573186407,0.009812294143196997,Edukasi
0.007019654706883394,0.007017331016721761,0.9719283521445937,0.007017330915408193,0.007017331216392977,Edukasi
0.9484487420007215,0.012887637335715898,0.012888348155982795,0.012887637214120793,0.012887635293458908,Edukasi
0.010901580184825904,0.010894202799033553,0.9564158119895602,0.010894202769656119,0.010894202256924298,Edukasi
0.010361438251414933,0.010353511641022958,0.9585780290645735,0.010353511471552317,0.01035350957143641,Edukasi
0.9664980383480539,0.008375417617589425,0.008375711301972816,0.008375417472217338,0.00837541526016661,Edukasi
0.2777263953551007,0.010931899710252454,0.6894779066444765,0.010931899618461314,0.010931898671708915,Edukasi
0.9682054875396114,0.007948515909180647,0.00794896789202232,0.00794851573132696,0.007948512927858661,Edukasi
0.012715699020497193,0.012711891580067233,0.9491486270193245,0.012711891534048832,0.012711890846062328,Edukasi
0.011391693440897391,0.011383869593747955,0.9544567001865941,0.01138386945408969,0.01138386732467083,Edukasi
0.01336937450210887,0.013366070199865347,0.9465324138300238,0.01336607009648519,0.01336607137151677,Edukasi
0.015899187558434953,0.015895988435665535,0.936412847955131,0.015895988389243346,0.01589598766152502,Edukasi
0.9586574262541016,0.010335398794607256,0.010336377966533583,0.010335398715903284,0.010335398268854275,Edukasi
0.9622713833691858,0.009431898799811664,0.009432923005501406,0.00943189864274283,0.009431896182758337,Edukasi
0.9643015530345458,0.008924245280943946,0.008925713337631475,0.008924245153669326,0.008924243193209384,Edukasi
0.9571169121612566,0.010720520064577035,0.010721529877439434,0.010720519934968257,0.010720517961758647,Edukasi
0.6257594106683042,0.008419804478332606,0.3489811788603026,0.008419804295388923,0.008419801697671682,Edukasi
0.9623864041388839,0.009402728734791638,0.009405411419071951,0.009402728692902429,0.009402727014349892,Edukasi
0.9642186712363618,0.008945043046335761,0.008946201501921922,0.008945042936192605,0.008945041279187852,Edukasi
0.01184746381219623,0.011844322446629254,0.9526195623345656,0.011844322369728958,0.011844329036880036,Edukasi
0.959868004992768,0.010032654704298073,0.010034031890859064,0.010032654634653537,0.010032653777421154,Edukasi
0.3371347249916125,0.00884585914724187,0.6363277004437669,0.008845858956391266,0.008845856460987601,Edukasi
0.3588140981119679,0.011623347592581846,0.6063158616480401,0.011623347434182365,0.01162334521322767,Edukasi
0.009422693892591646,0.009417922348339509,0.9623235406106704,0.009417922250276512,0.00941792089812198,Edukasi
0.9620088667161938,0.009497493531607799,0.00949865324872648,0.00949749344186072,0.009497493061611233,Edukasi
0.9587994731358701,0.010299998503052332,0.010300532027739296,0.010299998464099484,0.010299997869238988,Edukasi
0.9514301521381476,0.012142255233359983,0.012143086326632992,0.012142255075550761,0.012142251226308472,Edukasi
0.951630137314385,0.012092293252987697,0.012092985732208131,0.012092293095014878,0.01209229060540462,Edukasi
0.9603539040750327,0.009911298105610776,0.009912203779678767,0.009911297980436896,0.009911296059240791,Edukasi
0.9605418091378403,0.009864432835532282,0.009864894228406607,0.009864432728344603,0.00986443106987628,Edukasi
0.01055236234833384,0.010549742228513452,0.9577984115342603,0.01054974227786756,0.010549741611025046,Edukasi
0.9586947387700689,0.010325808622104523,0.01032783828338785,0.01032580838682058,0.010325805937618015,Edukasi
0.18940297149326737,0.010292262624723662,0.7797202435916264,0.010292262451491984,0.010292259838890665,Edukasi
0.9534377118498135,0.011639525626780368,0.011643713663438394,0.011639525358303933,0.011639523501663872,Edukasi
0.007121007483401104,0.007117832872421651,0.9715254731892513,0.007117832721169303,0.007117853733756718,Edukasi
0.961244994173959,0.00968822375906525,0.009690334714870076,0.00968822364331287,0.009688223708792928,Edukasi
0.956309088616826,0.010922510240192307,0.01092338301208649,0.010922510122543359,0.010922508008351943,Edukasi
0.9535500900878683,0.011612112310037347,0.01161357392572427,0.01161211224601078,0.011612111430359336,Edukasi
0.9552599194545723,0.011184742482335211,0.011185855581466985,0.011184742342243528,0.011184740139381798,Edukasi
0.9635384256438017,0.009115309602873553,0.009115648405816657,0.009115309442404265,0.009115306905103834,Edukasi
0.9635944121468939,0.009101288609913431,0.009101723380431958,0.00910128853442565,0.009101287328335199,Edukasi
0.010033845085478199,0.010028670114806161,0.9598801463714308,0.010028669977299258,0.010028668450985441,Edukasi
0.1985944223386971,0.009369185251381388,0.7732979966559737,0.009369185025201761,0.009369210728745967,Edukasi
0.9583391179103119,0.010414514282254306,0.01041734130128684,0.010414514150467917,0.01041451235567924,Edukasi
0.9574597617113316,0.010634858229596453,0.01063566500736324,0.010634858148076699,0.010634856903632028,Edukasi
0.01082158597827632,0.010818657476091046,0.9567224425350926,0.01081865740055822,0.010818656609981808,Edukasi
0.9498153282177004,0.012545842824577496,0.012547146276941375,0.012545842650250535,0.012545840030530227,Edukasi
0.007770337041039649,0.007764903179783102,0.9689349547709902,0.00776490307172596,0.007764901936461068,Edukasi
0.009296266376640067,0.009292110836994112,0.9628274029891841,0.00929211072822494,0.009292109068956545,Edukasi
0.9611672271911047,0.009707918339468652,0.009709018916077117,0.00970791826752028,0.009707917285829306,Edukasi
0.9606581266256724,0.009835147837716577,0.009836431885973189,0.009835147713199616,0.009835145937438325,Edukasi
0.9626401944785169,0.009339645190286829,0.009340870740240734,0.00933964514249249,0.009339644448462999,Edukasi
0.010378870918094994,0.010376962150440499,0.9584902435045399,0.010376962100928306,0.01037696132599644,Edukasi
0.9588784254554106,0.010280088712230427,0.010281309989150434,0.010280088619301577,0.01028008722390698,Edukasi
0.9721637966626667,0.00695887734303107,0.006959573845567154,0.006958877200355175,0.006958874948379893,Edukasi
0.013712061069636287,0.01370834353971847,0.9451629103079275,0.013708343424942268,0.01370834165777544,Edukasi
0.9663746847063076,0.008406012346259251,0.008407279754964747,0.008406012249086726,0.008406010943381698,Edukasi
0.9449639762062669,0.013757705076794975,0.013762910955695965,0.013757704931679986,0.013757702829562304,Edukasi
0.9627750481227746,0.009304950352884893,0.00931010317265085,0.009304950167707238,0.00930494818398222,Edukasi
0.9638915599984015,0.009026857518963698,0.009027869721162585,0.009026857391937563,0.009026855369534816,Edukasi
0.962875994060856,0.009280884111403659,0.009281355752136459,0.009280883992767223,0.009280882082836398,Edukasi
0.010157391985371614,0.01015166870705031,0.959387601333903,0.010151668783760023,0.010151669189914928,Edukasi
0.5648906638488489,0.010028904387471001,0.4050226232315355,0.010028904289485609,0.010028904242658966,Edukasi
0.6053319999324367,0.008711812136130799,0.36853256654020294,0.008711811942728973,0.008711809448500732,Edukasi
0.9606031038627538,0.009848997078733681,0.009849906435427927,0.009848996916504291,0.00984899570658009,Edukasi
0.0120086992910349,0.012005485926580909,0.9519748435618756,0.012005485882991414,0.012005485337517356,Edukasi
0.8592713754756603,0.010768466683115858,0.10842322904644164,0.010768466392832677,0.010768462401949322,Edukasi
0.9617110379919753,0.009572058811345343,0.009572786778532766,0.009572058743090263,0.009572057675056282,Edukasi
0.01307064925484713,0.013067470420012314,0.9477269406803102,0.013067470359840298,0.013067469284990134,Edukasi
0.9600858894814088,0.009977638247252228,0.009981198860849099,0.009977638099527345,0.009977635310962348,Edukasi
0.9589816923852641,0.010254120424961764,0.010255946945289337,0.01025412034906593,0.010254119895418766,Edukasi
0.9494283630384021,0.012642365332803307,0.012644543147975995,0.012642365208052309,0.012642363272766348,Edukasi
0.8124519262594482,0.010907605440205024,0.1548252614855782,0.010907605196924307,0.010907601617844225,Edukasi
0.22397337988627977,0.012886732587475969,0.7373664238730367,0.012886732487285094,0.0128867311659224,Edukasi
0.010933507909702017,0.010927775605526192,0.9562831676930985,0.010927775458315275,0.010927773333357937,Edukasi
0.9565683839105513,0.010857834854197146,0.010858115316375316,0.010857834637326142,0.01085783128154996,Edukasi
0.9559137936810086,0.011021379272500798,0.01102207033716218,0.011021379126983623,0.011021377582344815,Edukasi
0.9545266873729673,0.011367999277937323,0.011369316645885892,0.011367999172770649,0.011367997530438675,Edukasi
0.4270751475216049,0.010884908207577674,0.5402701281894527,0.010884908120868432,0.0108849079604963,Otomotif
0.9626193946190443,0.009344944910132994,0.009345772078242996,0.00934494483132055,0.00934494356125905,Otomotif
0.9577723876717282,0.010556717941021712,0.010557459077653314,0.010556717908651392,0.01055671740094549,Otomotif
0.9526492762795253,0.011837524529812318,0.011838151602181044,0.011837524378929612,0.011837523209551731,Otomotif
0.963913201833903,0.009021515218844634,0.009022254242876232,0.009021515123414548,0.009021513580961526,Otomotif
0.9592417587817909,0.010189341192174182,0.010190219719847071,0.010189341074451283,0.010189339231736943,Otomotif
0.009300599633942147,0.009289742189480348,0.9628301767362039,0.009289742009216747,0.009289739431156782,Otomotif
0.964503056875982,0.008873195212234728,0.008877357939557016,0.008873195102376812,0.008873194869849395,Otomotif
0.011220608827907302,0.01121716474546081,0.9551278812877464,0.011217164647397823,0.011217180491487526,Otomotif
0.945676400899067,0.013580529111574752,0.013582014803962709,0.013580528922443089,0.01358052626295245,Otomotif
0.3953870608453821,0.01068472297567627,0.5725587753383308,0.010684722662567533,0.010684718178043139,Otomotif
0.00958434767116654,0.009574452038756884,0.9616922112006884,0.0095744519422654,0.009574537147122768,Otomotif
0.008874667398318695,0.008871255352806265,0.9645115679663337,0.008871255265461854,0.008871254017079524,Otomotif
0.6299387154431438,0.009138538060242507,0.34264567245961103,0.009138537939393744,0.009138536097608882,Otomotif
0.9665722264868251,0.008351091285076282,0.00837450448797609,0.00835109100637916,0.008351086733743511,Otomotif
0.9550200389293109,0.011244488252245978,0.011246497910892278,0.011244488101824908,0.011244486805726324,Otomotif
0.9543913051567572,0.01140200663011134,0.011402675817361738,0.011402006577076344,0.011402005818693344,Otomotif
0.013441423690479145,0.013439738924687633,0.9462393601566975,0.013439738885468054,0.013439738342667606,Otomotif
0.008899869894085073,0.008894745804832705,0.9644158950470344,0.008894745645640372,0.008894743608407384,Otomotif
0.961738277814381,0.009565028896875782,0.009566638702744,0.009565028703287709,0.009565025882711247,Otomotif
0.961072556667115,0.00973160802236253,0.009732616317297715,0.009731607915785244,0.00973161107743949,Otomotif
0.011686425468123159,0.011679860531892688,0.9532739945530502,0.011679860430589072,0.011679859016344885,Otomotif
0.9619451708644624,0.00951354808935049,0.00951418564557879,0.0095135480459805,0.009513547354627784,Otomotif
0.9449446010799121,0.013763591448806655,0.013764627720188426,0.013763591267558013,0.013763588483534787,Otomotif
0.9547425731941546,0.011314130313736565,0.011315036424962685,0.011314130278826669,0.011314129788319619,Otomotif
0.9676378524684216,0.00809034526444417,0.008091113650137344,0.00809034515787262,0.008090343459124192,Otomotif
0.9481760377967423,0.012955716829326598,0.012956816348291898,0.012955716567516089,0.012955712458123221,Otomotif
0.960691132640822,0.009826950438230031,0.009828014615424608,0.009826950290418243,0.009826952015105162,Otomotif
0.9590050721679002,0.010248632975345767,0.01024903095115507,0.010248632842367872,0.010248631063230998,Otomotif
0.011314498991009957,0.01131124445150532,0.9547517680026668,0.011311244417081602,0.011311244137736414,Otomotif
0.009674359345563977,0.009672422132381888,0.9613083742072482,0.00967242207410716,0.00967242224069864,Otomotif
0.39925295618518164,0.012059290954702399,0.5645691537140226,0.012059296966602493,0.012059302179490824,Otomotif
0.9619093189685041,0.009522349485358659,0.009523634198510413,0.00952234939263108,0.009522347954995783,Otomotif
0.9481539727280636,0.012960833508423608,0.012963529003254903,0.012960833427844261,0.01296083133241361,Otomotif
0.9631070041500849,0.009223064817874015,0.009223803070111483,0.009223064723239765,0.009223063238689707,Otomotif
0.9612344287801574,0.00969122032841308,0.009691911738709983,0.009691220243110383,0.009691218909609035,Otomotif
0.6120951494563631,0.011252792515729158,0.3541464404782058,0.011252792132585463,0.011252825417116733,Otomotif
0.9563047285573915,0.010923463773617678,0.01092488474723338,0.010923463476248228,0.010923459445509353,Otomotif
0.9511066521834542,0.012223097543852746,0.012224056573528583,0.01222309746111454,0.012223096238049751,Otomotif
0.9505537611951532,0.012356970468678364,0.012375329181714021,0.012356970366560974,0.01235696878789337,Otomotif
0.967258071228157,0.008185219171432005,0.008186271927824434,0.008185219118015591,0.008185218554570994,Otomotif
0.9644235402996273,0.008893875143420138,0.00889483616002324,0.008893875014536182,0.008893873382393155,Otomotif
0.9575120229660569,0.01062184114005563,0.010622428851406603,0.010621841056142238,0.010621865986338781,Otomotif
0.9638219349803314,0.009044198239612358,0.009045472067499326,0.009044198131821543,0.009044196580735398,Otomotif
0.9619895770944137,0.009502360368730698,0.009503343072327437,0.009502360294034652,0.009502359170493382,Otomotif
0.950054091599498,0.012485968506511652,0.012488005455108434,0.012485968324041056,0.012485966114840723,Otomotif
0.013921252080586047,0.013917582915971298,0.9443259999962242,0.013917582875861804,0.013917582131356597,Otomotif
0.009103391577470114,0.009097114399701747,0.9636052658291678,0.009097114345612617,0.009097113848047721,Otomotif
0.9557832250795445,0.011053968987292493,0.011054869992691839,0.011053968864296842,0.011053967076174466,Otomotif
0.9589934678064759,0.010251365652963924,0.010252436138254455,0.010251365552889307,0.010251364849416536,Otomotif
0.9573892896050267,0.010652090983422105,0.010654439428610328,0.010652090861924604,0.01065208912101642,Otomotif
0.9583854472743766,0.010402043651476369,0.010408422531551966,0.010402043499673826,0.010402043042921395,Otomotif
0.9600544387999133,0.009986248706629473,0.00998681699576529,0.009986248594574199,0.00998624690311794,Otomotif
0.9580670207767619,0.010483051454196755,0.010483826151202857,0.010483051378591412,0.010483050239246984,Otomotif
0.013090350281423423,0.013086756863517702,0.9476493788930364,0.013086756725264869,0.013086757236757637,Otomotif
0.964925808861117,0.008768357795900598,0.008769118929095,0.008768357727893038,0.00876835668599426,Otomotif
0.010664815277245181,0.010659462674659751,0.9573568008626465,0.010659462420296046,0.010659458765152587,Otomotif
0.9605597120592342,0.009859758333070366,0.009861014629500859,0.009859758223157062,0.009859756755037481,Otomotif
0.9635071389927443,0.009121716740570617,0.009127713929052511,0.009121716465360332,0.009121713872272204,Otomotif
0.9586135925112698,0.010346327120538288,0.01034742801696788,0.010346327012455489,0.010346325338768654,Otomotif
0.9529640204525308,0.011758601424970408,0.011760177917217542,0.011758601270149367,0.011758598935131752,Otomotif
0.9584810468097019,0.01037955636422487,0.010380286128996614,0.010379556197814352,0.010379554499262202,Otomotif
0.011462867032636104,0.011457362462031112,0.954165047493664,0.011457362368914278,0.011457360642754252,Otomotif
0.010492106464949415,0.010489111347503846,0.95804056015225,0.010489111310130438,0.010489110725166383,Otomotif
0.949300517107059,0.012674710361554759,0.01267535385505537,0.0126747101500602,0.012674708526270692,Otomotif
0.643890771863842,0.008387402246731969,0.3309470271340863,0.008387401921203973,0.008387396834135903,Otomotif
0.009220771308718633,0.009203000346244529,0.9631702301146579,0.009203000195969887,0.009202998034409101,Otomotif
0.011090145513674795,0.011070452274376839,0.9556984990128417,0.011070452190074074,0.011070451009032672,Otomotif
0.9514854565644696,0.012127993250895653,0.012130566643152312,0.012127993074372774,0.012127990467109682,Otomotif
0.9487555399376284,0.012810912690475957,0.012811722898013576,0.012810912636392276,0.012810911837489839,Otomotif
0.957960782792709,0.010509247230951023,0.010511477525582881,0.01050924712404809,0.010509245326709063,Otomotif
0.9527443781624362,0.011813424913924331,0.011815351329011521,0.011813424664673737,0.011813420929954325,Otomotif
0.9538925804217256,0.011526478179838496,0.011527987336334,0.011526478052701735,0.011526476009400285,Otomotif
0.954648227476353,0.011337606754835123,0.011338954803294787,0.011337606610987446,0.011337604354529605,Otomotif
0.014590817558775934,0.014586538177620022,0.9416495703344239,0.014586538049571798,0.014586535879608377,Otomotif
0.011063565174034342,0.011061024706211309,0.9557533611251995,0.011061024678736322,0.011061024315818431,Otomotif
0.11155121534285517,0.007167631494666569,0.8669458915088427,0.007167631328264306,0.007167630325371345,Otomotif
0.9651367529136233,0.0087154895478779,0.008716778245395013,0.008715489461881346,0.008715489831222209,Otomotif
0.009977918573213144,0.009971446823969861,0.9601077415381216,0.009971446736510575,0.009971446328185012,Otomotif
0.9589147310364735,0.010270709257819952,0.010273144378626337,0.010270709086052607,0.010270706241027515,Otomotif
0.9585100872521598,0.010372102608447882,0.010373606418304388,0.010372102511676598,0.010372101209411495,Otomotif
0.9660569216259266,0.00848541000912278,0.008486849814370432,0.008485409923164874,0.00848540862741532,Otomotif
0.011664698032765326,0.011660866032291425,0.9533527058259837,0.01166086591752976,0.011660864191429894,Otomotif
0.00834797595587539,0.008343411581081234,0.9666217854890544,0.008343411335809433,0.008343415638179325,Otomotif
0.6772003917230383,0.015783138785476575,0.2754501960814953,0.015783138545290443,0.01578313486469938,Otomotif
0.9568219240371684,0.010794429559475712,0.010794790750233102,0.010794429362902563,0.010794426290220134,Otomotif
0.9416908068237216,0.014576953127504544,0.014578335122057268,0.014576953039125031,0.014576951887591526,Otomotif
0.5466441620558109,0.012263906904495902,0.41656411842907254,0.012263906590639967,0.012263906019980631,Otomotif
0.010504348378314137,0.010497731034359617,0.9580024589795072,0.01049773090350471,0.010497730704314296,Otomotif
0.01008025184234223,0.010077087472650485,0.9596884870177389,0.010077087408143634,0.010077086259124823,Otomotif
0.9625394728287459,0.009364989419477934,0.00936556071235803,0.009364989331289679,0.009364987708128483,Otomotif
0.952429040699853,0.011892508745798645,0.011893434260899038,0.011892508684600091,0.011892507608849159,Otomotif
0.9672272163812113,0.008193019611265845,0.008193725700221626,0.00819301951072361,0.00819301879657768,Otomotif
0.9532233923949408,0.01169397093297278,0.011694696863256944,0.011693970804784007,0.011693969004045462,Otomotif
0.015743774205333856,0.01571824032912309,0.9371014419072933,0.01571823999936143,0.015718303558888275,Otomotif
0.9530097333114385,0.011747377710701445,0.011748136012857636,0.011747377631484665,0.011747375333518002,Otomotif
0.011312136514182917,0.011307718158052264,0.9547647100018362,0.011307718117868747,0.0113077172080599,Otomotif
0.952248044596689,0.011937849169162086,0.011938410128774507,0.011937849042710244,0.011937847062664129,Otomotif
0.007754007754561378,0.007749874892759125,0.9689963698063981,0.007749874770863826,0.007749872775417569,Otomotif
0.949641088086255,0.012588057177110068,0.012594697613993568,0.01258805694682564,0.012588100175815688,Otomotif
0.9630944992933765,0.009225867227629223,0.009227901684929199,0.009225867078502452,0.009225864715562422,Otomotif
0.012812328094071464,0.012807136875520195,0.9487662641170223,0.012807136706197148,0.012807134207188979,Otomotif
0.5188261754380316,0.011597777184681482,0.4463804953229229,0.01159777678440862,0.011597775269955299,Otomotif
0.009703708179506674,0.009699537993751001,0.9611976602259379,0.009699537837246527,0.00969955576355786,Otomotif
0.9547796403822625,0.011304829399740724,0.011305873030293805,0.01130482929372315,0.011304827893979573,Otomotif
0.012628437095337048,0.012623694332847235,0.949500480766465,0.012623694269709381,0.012623693535641356,Otomotif
0.6610501065530531,0.014399810011208936,0.2957504674522877,0.014399809782172321,0.014399806201278047,Otomotif
0.9602474206028172,0.009937593603011916,0.009939798819097987,0.009937593409856747,0.009937593565216363,Otomotif
0.9610500418918485,0.009737333467238948,0.009737959843657563,0.009737333343393724,0.009737331453861341,Otomotif
0.9617530194089441,0.009561629160336644,0.009562095538260878,0.009561629019425925,0.009561626873032351,Otomotif
0.9606938426099837,0.009826042253449175,0.009828032378592944,0.009826042150545552,0.009826040607428754,Otomotif
0.014572433234068602,0.014569848848431393,0.9417179944874127,0.014569848803406732,0.014569874626680529,Otomotif
0.010002191370112164,0.009993446103282146,0.9600174729031308,0.009993445929352734,0.00999344369412198,Otomotif
0.011626286808336701,0.011624658462065124,0.953499738091064,0.011624658418243596,0.011624658220290567,Otomotif
0.9579816995113835,0.010503979767624946,0.010506360437094468,0.010503979477323237,0.0105039808065737,Otomotif
0.011834408247161674,0.011829236891897943,0.9526778827429884,0.011829236796854155,0.011829235321097854,Otomotif
0.21721003335897535,0.01158079608726708,0.748047580486335,0.01158079590913015,0.011580794158292437,Otomotif
0.9630179910346445,0.00924522635771781,0.009246331817934954,0.009245226246350298,0.009245224543352588,Otomotif
0.9626339116280154,0.009341372910320679,0.009341971057665379,0.009341372829779274,0.009341371574219264,Otomotif
0.9583553400185624,0.010410985160797526,0.010411705737160354,0.010410985087249086,0.010410983996230765,Otomotif
0.9549254361797499,0.011268470407969066,0.0112691532688806,0.011268470356109233,0.011268469787290951,Otomotif
0.956070384164024,0.010981192695816785,0.010986041335194862,0.010981192419959925,0.01098118938500435,Otomotif
0.27964866403168526,0.010786247748763718,0.6879925933887,0.010786247702393423,0.010786247128457533,Otomotif
0.960750683041494,0.009812137456654631,0.009812905413308044,0.00981213740758913,0.009812136680954061,Otomotif
0.9476994471096495,0.013074511773772288,0.013077021159973385,0.01307451163311442,0.013074508323490283,Otomotif
0.9591254739205927,0.01021849226061868,0.01021905212370449,0.010218492090415096,0.010218489604669211,Otomotif
0.9573872843557126,0.010652931259347277,0.010653922770987412,0.010652931204379806,0.010652930409572907,Otomotif
0.010032551763192645,0.010029928268859099,0.9598776654495642,0.01002992813571351,0.010029926382670452,Otomotif
0.9608256372855112,0.00979307949898048,0.009795125393323837,0.009793079415263804,0.009793078406920775,Otomotif
0.9502384665596583,0.012440181837117033,0.012440987192396794,0.012440181724105734,0.012440182686722284,Otomotif
0.9573285074941414,0.010666917711089033,0.01067074166698054,0.010666917570541092,0.01066691555724793,Otomotif
0.7038421207285455,0.010041410173620856,0.010044608050030228,0.01004140975035774,0.2660304512974456,Otomotif
0.9549400057845742,0.011264658774617131,0.01126602121979989,0.011264658585861897,0.011264655635146899,Otomotif
0.9594855683097894,0.010128482001630214,0.010128986458984347,0.01012848195832984,0.010128481271266209,Otomotif
0.9610534339513781,0.009736467953568037,0.00973716465495083,0.009736467794877126,0.009736465645225931,Otomotif
0.009332479905322351,0.009327992271886371,0.9626835438797231,0.009327992230639697,0.009327991712428383,Otomotif
0.9620154160025132,0.009495975717055299,0.009496657253947839,0.009495975680559657,0.009495975345924041,Otomotif
0.9643326453470776,0.008916597319392854,0.008917565166577306,0.00891659717979007,0.008916594987162171,Otomotif
